,precision,recall,f1-score,support
fietsstraat,0.9833333333333333,0.8027210884353742,0.8838951310861424,147.0
snelweg,0.0,0.0,0.0,147.0
rural,0.026490066225165563,0.027210884353741496,0.026845637583892617,147.0
accuracy,0.2766439909297052,0.2766439909297052,0.2766439909297052,0.2766439909297052
macro avg,0.33660779985283296,0.2766439909297052,0.303580256223345,441.0
weighted avg,0.33660779985283296,0.2766439909297052,0.303580256223345,441.0
